path,layer_name,read_ok,error_type,error_message,traceback,feature_count,geom_types,crs_text,crs_epsg,bounds_minx,bounds_miny,bounds_maxx,bounds_maxy,bounds_flag,valid_geom_ratio,empty_geom_ratio,has_z,sample_invalid_reason,columns
/work/data/raw/vectors/Eth_Zones_New.shp,Eth_Zones_New,True,,,,74.0,MultiPolygon|Polygon,EPSG:4326,4326.0,33.001536398893634,3.398547953094313,47.958228321521645,14.845691900739125,,0.9594594594594594,0.0,False,Ring Self-intersection[38.7018554169302 8.92537382406358],"[""ZONENAME"", ""geometry""]"
/work/data/raw/vectors/EthioWoredasNew.shp,EthioWoredasNew,True,,,,532.0,MultiPolygon|Polygon,EPSG:4326,4326.0,32.99923000885521,3.400880002045024,47.96052977003882,14.852220000493773,,1.0,0.0,False,,"[""OBJECTID"", ""W_NAME"", ""Z4ID"", ""EASE_Z4ID"", ""REGION_R2I"", ""Area_km2"", ""Shape_Leng"", ""Shape_Area"", ""Pop_04"", ""Pop_Den"", ""LINK_ID"", ""Admin_Unit"", ""W6ID"", ""MF_All_All"", ""M_All_All_"", ""F_All_All_"", ""MF_All_0_4"", ""M_All_0_4"", ""F_All_0_4"", ""MF_All_5_9"", ""M_All_5_9"", ""F_All_5_9"", ""MF_All_10_"", ""M_All_10_1"", ""F_All_10_1"", ""MF_All_15_"", ""M_All_15_1"", ""F_All_15_1"", ""MF_All_20_"", ""M_All_20_2"", ""F_All_20_2"", ""MF_All_25_"", ""M_All_25_2"", ""F_All_25_2"", ""MF_All_30_"", ""M_All_30_3"", ""F_All_30_3"", ""MF_All_35_"", ""M_All_35_3"", ""F_All_35_3"", ""MF_All_40_"", ""M_All_40_4"", ""F_All_40_4"", ""MF_All_45_"", ""M_All_45_4"", ""F_All_45_4"", ""MF_All_50_"", ""M_All_50_5"", ""F_All_50_5"", ""MF_All_55_"", ""M_All_55_5"", ""F_All_55_5"", ""MF_All_60_"", ""M_All_60_6"", ""F_All_60_6"", ""MF_All_65_"", ""M_All_65_6"", ""F_All_65_6"", ""MF_All_70_"", ""M_All_70_7"", ""F_All_70_7"", ""geometry""]"
/work/data/raw/vectors/Ethio_roads.shp,Ethio_roads,True,,,,1786.0,LineString,EPSG:4326,4326.0,33.00630187988281,3.44010591506958,47.949378967285156,14.809499740600586,,1.0,0.0,False,,"[""FNODE_"", ""TNODE_"", ""LPOLY_"", ""RPOLY_"", ""LENGTH"", ""RDLINE_"", ""RDLINE_ID"", ""RDLNTYPE"", ""RDLNTYPETX"", ""RDLNSTAT"", ""RDLNSTATTX"", ""geometry""]"
/work/data/raw/vectors/TigraiTabiasNew.shp,TigraiTabiasNew,True,,,,748.0,Polygon,EPSG:32637,32637.0,213444.75,1355035.75,607154.8125,1654728.875,,0.9986631016042781,0.0,False,Ring Self-intersection[496730.724487305 1506323.18188477],"[""AREA"", ""PERIMETER"", ""WEREDA"", ""TABIA"", ""T8ID"", ""SQ_KM"", ""HECTARES"", ""ZONES"", ""LENGTH"", ""DENSITY"", ""geometry""]"
/work/data/raw/vectors/TigrayContour.shp,TigrayContour,True,,,,805.0,LineString|MultiLineString,EPSG:20137,20137.0,227239.17655746915,1355057.8443727675,595220.125000001,1645334.8936326378,,1.0,0.0,False,,"[""FNODE_"", ""TNODE_"", ""LPOLY_"", ""RPOLY_"", ""LENGTH"", ""ETTOPOL01C"", ""ETTOPOL0_1"", ""ELEVATION"", ""geometry""]"
/work/data/raw/vectors/TigrayHealth2006.shp,TigrayHealth2006,True,,,,729.0,Point,,,226852.0,138155.0,999868.0,5.832460226579078e+238,ABSURD_MAGNITUDE_BOUNDS,1.0,0.0,False,,"[""Object_ID_"", ""geodb_oid"", ""Object_ID"", ""Woreda_Nam"", ""Woreda_ID"", ""Type_of_in"", ""Institutio"", ""X_Coordina"", ""Y_Coordina"", ""geometry""]"
/work/data/raw/vectors/TigrayNewWoredas.shp,TigrayNewWoredas,True,,,,48.0,MultiPolygon|Polygon,EPSG:32637,32637.0,213444.75,1355035.75,607154.8125,1654728.875,,1.0,0.0,False,,"[""WEREDA"", ""COUNT"", ""SUM_AREA"", ""SUM_PERIME"", ""SUM_SQ_KM"", ""SUM_HECTAR"", ""ZONE_NAME"", ""Wereda__Id"", ""Tot_Popula"", ""wor_name"", ""LINK_ID"", ""TRHB_2004E"", ""TRHB_200_1"", ""TRHB_200_2"", ""TRHB_200_3"", ""TRHB_200_4"", ""TRHB_200_5"", ""TRHB_200_6"", ""TRHB_200_7"", ""TRHB_200_8"", ""geometry""]"
/work/data/raw/vectors/TigrayRoads2006t.shp,TigrayRoads2006t,True,,,,547.0,LineString|MultiLineString,EPSG:32637,32637.0,216990.67952981638,1357238.876819657,590408.126889402,1628485.453266403,,1.0,0.0,False,,"[""OBJECTID"", ""OBJECTID_1"", ""LAYER"", ""NAME"", ""LENGTH"", ""OWNER"", ""ZONE_"", ""RDID"", ""SHAPE_LENG"", ""Shape_Le_1"", ""length_KM"", ""geometry""]"
/work/data/raw/vectors/TigrayRoadsIn2006.shp,TigrayRoadsIn2006,True,,,,97.0,LineString|MultiLineString,,,216984.79128095164,1357397.9998418323,594406.8330490995,1628341.0001581674,,0.9896907216494846,0.0,False,,"[""OBJECTID"", ""OBJECTID_1"", ""LAYER"", ""NAME"", ""LENGTH"", ""OWNER"", ""ZONE_"", ""RDID"", ""SHAPE_LENG"", ""SHAPE_LE_1"", ""LENGTH_KM"", ""TYPE"", ""NEAR_FID"", ""NEAR_DIST"", ""geometry""]"
/work/data/raw/vectors/TigraySchools2006.shp,TigraySchools2006,True,,,,2121.0,Point,EPSG:32637,32637.0,226914.0,1356739.0,594252.0,1627780.0,,1.0,0.0,False,,"[""No"", ""Zone_Name"", ""Woreda_Nam"", ""Woreda_ID"", ""T_Name"", ""Name"", ""Type"", ""X"", ""Y"", ""F10"", ""F11"", ""F12"", ""F13"", ""F14"", ""F15"", ""F16"", ""geometry""]"
/work/data/raw/vectors/TigrayWoredaNew.shp,TigrayWoredaNew,True,,,,47.0,MultiPolygon|Polygon,EPSG:32637,32637.0,213444.75,1355035.75,607154.8125,1654728.875,,0.9787234042553191,0.0,False,,"[""WEREDA"", ""COUNT"", ""SUM_AREA"", ""SUM_PERIME"", ""SUM_SQ_KM"", ""SUM_HECTAR"", ""ZONE_NAME"", ""Wereda__Id"", ""Tot_Popula"", ""wor_name"", ""geometry""]"
/work/data/raw/vectors/Tigray_Towns.shp,Tigray_Towns,True,,,,47.0,Point,EPSG:20137,20137.0,240696.875,1358289.25,583338.9375,1606416.875,,1.0,0.0,False,,"[""ETTOWN01CO"", ""ETTOWN01_1"", ""TOWN_NAME"", ""POP"", ""WEREDA"", ""REGION"", ""ZONES"", ""POPURB"", ""POPRUR"", ""POPTOT"", ""RAIN"", ""K_VALUE"", ""SOIL"", ""EROSIVITY"", ""ELEVATION"", ""POP_TXT"", ""RAIN_TXT"", ""ELEV_TXT"", ""geometry""]"
/work/data/raw/vectors/admin.shp,admin,True,,,,699.0,Polygon,EPSG:20137,20137.0,-163699.77676919568,376528.6265241145,1494578.0215370208,1645738.5576971895,,1.0,0.0,False,,"[""AREA"", ""PERIMETER"", ""ETH2BDY_"", ""ETH2BDY_ID"", ""SQKM"", ""ADMSQKM"", ""CODE"", ""ADMINID"", ""COUNTRY"", ""NAME1"", ""NAME2"", ""NAME3"", ""DEMOFLAG"", ""P60"", ""P70"", ""P80"", ""P90"", ""SR"", ""HECTARES"", ""geometry""]"
/work/data/raw/vectors/basins.shp,basins,True,,,,658.0,Polygon,EPSG:20137,20137.0,-161882.5625,376388.125,1495282.875,1645935.625,,1.0,0.0,False,,"[""AREA"", ""PERIMETER"", ""ETWSHED01C"", ""ETWSHED01C"", ""BASIN_NR"", ""BASIN_NAME"", ""BASIN"", ""SQKM"", ""BASIN_COD"", ""geometry""]"
/work/data/raw/vectors/bound01.shp,bound01,True,,,,1.0,Polygon,EPSG:20137,20137.0,-161882.5625,376388.125,1495282.875,1645935.625,,1.0,0.0,False,,"[""AREA"", ""PERIMETER"", ""ETBOUND01C"", ""ETBOUND01C"", ""geometry""]"
/work/data/raw/vectors/bound02.shp,bound02,True,,,,12.0,Polygon,EPSG:20137,20137.0,-161882.5625,376388.125,1495282.875,1645935.625,,1.0,0.0,False,,"[""AREA"", ""PERIMETER"", ""ETREGIO01C"", ""ETREGIO0_1"", ""REGION"", ""geometry""]"
/work/data/raw/vectors/bound03.shp,bound03,True,,,,76.0,Polygon,EPSG:20137,20137.0,-161882.5625,376388.125,1495282.875,1645935.625,,1.0,0.0,False,,"[""AREA"", ""PERIMETER"", ""ETZONES01C"", ""ETZONES01C"", ""ZONES"", ""geometry""]"
/work/data/raw/vectors/contour.shp,contour,True,,,,9125.0,LineString,EPSG:20137,20137.0,-38587.15234375,380749.40625,1472705.875,1645334.8936326383,,1.0,0.0,False,,"[""FNODE_"", ""TNODE_"", ""LPOLY_"", ""RPOLY_"", ""LENGTH"", ""ETTOPOL01C"", ""ETTOPOL01C"", ""ELEVATION"", ""geometry""]"
/work/data/raw/vectors/ethio_wereda.shp,ethio_wereda,True,,,,466.0,Polygon,EPSG:4326,4326.0,-161882.5625,376388.125,1495282.875,1645935.625,OUT_OF_RANGE_FOR_4326,1.0,0.0,False,,"[""geometry""]"
/work/data/raw/vectors/isoght.shp,isoght,True,,,,1778.0,LineString,EPSG:20137,20137.0,-127500.0,388997.9248046875,1478041.9921875,1645605.3989447288,,1.0,0.0,False,,"[""FNODE_"", ""TNODE_"", ""LPOLY_"", ""RPOLY_"", ""LENGTH"", ""ETISOHY01C"", ""ETISOHY01C"", ""CONTOUR"", ""geometry""]"
/work/data/raw/vectors/lakes.shp,lakes,True,,,,23.0,Polygon,EPSG:20137,20137.0,161931.65861369437,492150.1214666663,806796.0259892378,1557998.0959075277,,1.0,0.0,False,,"[""AREA"", ""PERIMETER"", ""RIVERMAJ_"", ""RIVERMAJ_I"", ""CODE"", ""WATER"", ""ACRES"", ""HECTARES"", ""geometry""]"
/work/data/raw/vectors/mbasins.shp,mbasins,True,,,,16.0,MultiPolygon|Polygon,EPSG:20137,20137.0,-163699.77676919568,376528.6265241145,1494578.0215370208,1645738.5576971895,,1.0,0.0,False,,"[""AREA"", ""PERIMETER"", ""WATERSHD_"", ""WATERSHD_I"", ""HY_BAS"", ""HY_SBA"", ""TYPE"", ""NAME"", ""BASIN_MAJO"", ""BNO"", ""WNO"", ""WATRANK"", ""WSHD"", ""ACRES"", ""HECTARES"", ""BASINNAME"", ""geometry""]"
/work/data/raw/vectors/msoils.shp,msoils,True,,,,394.0,Polygon,EPSG:20137,20137.0,-163699.77676919568,376528.6265241145,1494578.0215370208,1645738.5576971895,,1.0,0.0,False,,"[""AREA"", ""PERIMETER"", ""USDASOILET"", ""USDASOILET"", ""SNUM"", ""FAOSOIL"", ""TAX"", ""TAXON"", ""NAME"", ""CODE"", ""CO_DOM"", ""SYMBOL"", ""GPCD"", ""SYMBOL1"", ""SYMBOL2"", ""SYMBOL3"", ""QUAL"", ""AWC"", ""CK"", ""PHASE1"", ""PHASE2"", ""MISCLU1"", ""MISCLU2"", ""COUNTRY_NU"", ""COUNTRY_NA"", ""SU_DOM"", ""SU_DOMCODE"", ""SU_DOMPERC"", ""SU_1"", ""SU_1_CODE"", ""SU_1_PERC"", ""SU_2"", ""SU_2_CODE"", ""SU_2_PERC"", ""SU_3"", ""SU_3_CODE"", ""SU_3_PERC"", ""SU_4"", ""SU_4_CODE"", ""SU_4_PERC"", ""SU_5"", ""SU_5_CODE"", ""SU_5_PERC"", ""SU_6"", ""SU_6_CODE"", ""SU_6_PERC"", ""SU_7"", ""SU_7_CODE"", ""SU_7_PERC"", ""SU_8"", ""SU_8_CODE"", ""SU_8_PERC"", ""HECTARES"", ""SOILTYPE"", ""geometry""]"
/work/data/raw/vectors/necolog.shp,necolog,True,,,,113.0,Polygon,EPSG:20137,20137.0,-162450.35351353954,411870.16359437775,1427023.646010202,1548091.541212144,,1.0,0.0,False,,"[""AREA"", ""PERIMETER"", ""LCPOLY_"", ""LCPOLY_ID"", ""LCPYTYPE"", ""LCPYTYPETX"", ""HECTARES"", ""geometry""]"
/work/data/raw/vectors/nforest.shp,nforest,True,,,,71.0,Polygon,EPSG:20137,20137.0,33.81629943847656,4.446620941162109,41.80989074707031,14.098609924316406,,1.0,0.0,False,,"[""AREA"", ""PERIMETER"", ""FOREST_"", ""FOREST_ID"", ""VEGN"", ""VEGNTX"", ""geometry""]"
/work/data/raw/vectors/nforests.shp,nforests,True,,,,71.0,Polygon,EPSG:20137,20137.0,-71536.72619216586,492150.1214666663,806817.8885278365,1559055.15961107,,1.0,0.0,False,,"[""AREA"", ""PERIMETER"", ""FOREST_"", ""FOREST_ID"", ""VEGN"", ""VEGNTX"", ""HECTARES"", ""geometry""]"
/work/data/raw/vectors/nparks.shp,nparks,True,,,,37.0,Polygon,EPSG:20137,20137.0,-100632.16283850465,376090.6285529709,1007968.9724194533,1574906.6186460536,,0.972972972972973,0.0,False,Self-intersection[242359.749818045 491226.286719714],"[""AREA"", ""PERIMETER"", ""PARKPY_"", ""PARKPY_ID"", ""SITE_CODE"", ""AREANAME"", ""ISO3"", ""SIZE"", ""YEAR"", ""IUCNCAT"", ""LON"", ""LAT"", ""CNTRYNAME"", ""DESIGNATE"", ""HECTARES"", ""geometry""]"
/work/data/raw/vectors/rain_patrn.shp,rain_patrn,True,,,,20.0,Polygon,EPSG:20137,20137.0,-161882.5625,376388.125,1495282.875,1645935.625,,1.0,0.0,False,,"[""AREA"", ""PERIMETER"", ""ETRAIPA01C"", ""ETRAIPA01C"", ""PATTER"", ""PATTERN_G"", ""geometry""]"
/work/data/raw/vectors/rain_stat.shp,rain_stat,True,,,,146.0,Point,EPSG:20137,20137.0,-22353.3984375,392184.71875,1083995.0,1578401.5,,1.0,0.0,False,,"[""AREA"", ""PERIMETER"", ""ETRAIST01C"", ""ETRAIST01C"", ""TOWN_NAME"", ""STATION_CO"", ""JAN"", ""FEB"", ""MARCH"", ""MAY"", ""JUN"", ""JULY"", ""AUG"", ""SEPT"", ""OCT"", ""NOV"", ""DEZ"", ""RAIN_SUM"", ""N_YEARS"", ""MAIN_TOWN"", ""SPOT"", ""PATTER"", ""APRIL"", ""RAIN_MODEL"", ""geometry""]"
/work/data/raw/vectors/rivers.shp,rivers,True,,,,5496.0,LineString,EPSG:20137,20137.0,-161882.5625,393758.625,1439188.625,1645935.625,,1.0,0.0,False,,"[""FNODE_"", ""TNODE_"", ""LPOLY_"", ""RPOLY_"", ""LENGTH"", ""ETRIVER01C"", ""ETRIVER01C"", ""RIV_NAME"", ""TYPE"", ""CLASS"", ""RIV_ORDER"", ""geometry""]"
/work/data/raw/vectors/roads.shp,roads,True,,,,2268.0,LineString,EPSG:20137,20137.0,-80509.8671875,390045.09375,1382796.5,1639481.25,,1.0,0.0,False,,"[""FNODE_"", ""TNODE_"", ""LPOLY_"", ""RPOLY_"", ""LENGTH"", ""ETROAD01CO"", ""ETROAD01CO"", ""TYPE"", ""CLASS"", ""ROAD_TYPE"", ""geometry""]"
/work/data/raw/vectors/streams.shp,streams,True,,,,4845.0,LineString,EPSG:20137,20137.0,-162480.47261623212,390045.5985794337,1440060.8353327247,1641864.0982374786,,1.0,0.0,False,,"[""FNODE_"", ""TNODE_"", ""LPOLY_"", ""RPOLY_"", ""LENGTH"", ""HYDDNETALL"", ""HYDDNETALL"", ""geometry""]"
/work/data/raw/vectors/towns.shp,towns,True,,,,935.0,Point,EPSG:20137,20137.0,-155308.609375,392184.71875,1369387.25,1606416.875,,1.0,0.0,False,,"[""ETTOWN01CO"", ""ETTOWN01CO"", ""TOWN_NAME"", ""POP"", ""WEREDA"", ""REGION"", ""ZONES"", ""POPURB"", ""POPRUR"", ""POPTOT"", ""RAIN"", ""K_VALUE"", ""SOIL"", ""EROSIVITY"", ""ELEVATION"", ""POP_TXT"", ""RAIN_TXT"", ""ELEV_TXT"", ""geometry""]"
/work/data/raw/vectors/wetlands.shp,wetlands,True,,,,76.0,Polygon,EPSG:20137,20137.0,-162480.4855871827,491317.0900885003,1174375.5466189417,1593601.2427250259,,1.0,0.0,False,,"[""AREA"", ""PERIMETER"", ""WETLANDS_"", ""WETLANDS_I"", ""CLASS"", ""CLASSTX"", ""NAME"", ""DESCRIP"", ""HECTARES"", ""LOCATION"", ""geometry""]"
/work/data/raw/vectors/ethio_wereda_Project.shp,ethio_wereda_Project,False,UnicodeDecodeError,'utf-8' codec can't decode byte 0xaa in position 0: invalid start byte,"Traceback (most recent call last):
  File ""/work/Docker Projects/TSIRD-Atlas-Data-Pipeline/scripts/raw_inventory_audit.py"", line 133, in _read_layer
    gdf = gpd.read_file(shp_path)
          ^^^^^^^^^^^^^^^^^^^^^^^
  File ""/opt/conda/lib/python3.11/site-packages/geopandas/io/file.py"", line 316, in _read_file
    return _read_file_pyogrio(
           ^^^^^^^^^^^^^^^^^^^
  File ""/opt/conda/lib/python3.11/site-packages/geopandas/io/file.py"", line 576, in _read_file_pyogrio
    return pyogrio.read_dataframe(path_or_bytes, bbox=bbox, **kwargs)
           ^^^^^^^^^^^^^^^^^^^^^^^^^^^^^^^^^^^^^^^^^^^^^^^^^^^^^^^^^^
  File ""/opt/conda/lib/python3.11/site-packages/pyogrio/geopandas.py"", line 382, in read_dataframe
    result = read_func(
             ^^^^^^^^^^
  File ""/opt/conda/lib/python3.11/site-packages/pyogrio/raw.py"", line 200, in read
    return ogr_read(
           ^^^^^^^^^
UnicodeDecodeError: 'utf-8' codec can't decode byte 0xaa in position 0: invalid start byte
",,,,,,,,,,,,,,
