layer_id,shp_file,geom_type,feature_count,crs,extent,field_name,field_type
Eth_Zones_New,Eth_Zones_New.shp,Polygon,74,"GEOGCRS[""WGS 84"",","(33.001536, 3.398548) - (47.958228, 14.845692)",ZONENAME,String
EthioWoredasNew,EthioWoredasNew.shp,Polygon,532,"GEOGCRS[""WGS 84"",","(32.999230, 3.400880) - (47.960530, 14.852220)",OBJECTID,Integer
EthioWoredasNew,EthioWoredasNew.shp,Polygon,532,"GEOGCRS[""WGS 84"",","(32.999230, 3.400880) - (47.960530, 14.852220)",W_NAME,String
EthioWoredasNew,EthioWoredasNew.shp,Polygon,532,"GEOGCRS[""WGS 84"",","(32.999230, 3.400880) - (47.960530, 14.852220)",Z4ID,String
EthioWoredasNew,EthioWoredasNew.shp,Polygon,532,"GEOGCRS[""WGS 84"",","(32.999230, 3.400880) - (47.960530, 14.852220)",EASE_Z4ID,String
EthioWoredasNew,EthioWoredasNew.shp,Polygon,532,"GEOGCRS[""WGS 84"",","(32.999230, 3.400880) - (47.960530, 14.852220)",REGION_R2I,String
EthioWoredasNew,EthioWoredasNew.shp,Polygon,532,"GEOGCRS[""WGS 84"",","(32.999230, 3.400880) - (47.960530, 14.852220)",Area_km2,Real
EthioWoredasNew,EthioWoredasNew.shp,Polygon,532,"GEOGCRS[""WGS 84"",","(32.999230, 3.400880) - (47.960530, 14.852220)",Shape_Leng,Real
EthioWoredasNew,EthioWoredasNew.shp,Polygon,532,"GEOGCRS[""WGS 84"",","(32.999230, 3.400880) - (47.960530, 14.852220)",Shape_Area,Real
EthioWoredasNew,EthioWoredasNew.shp,Polygon,532,"GEOGCRS[""WGS 84"",","(32.999230, 3.400880) - (47.960530, 14.852220)",Pop_04,Integer
EthioWoredasNew,EthioWoredasNew.shp,Polygon,532,"GEOGCRS[""WGS 84"",","(32.999230, 3.400880) - (47.960530, 14.852220)",Pop_Den,Real
EthioWoredasNew,EthioWoredasNew.shp,Polygon,532,"GEOGCRS[""WGS 84"",","(32.999230, 3.400880) - (47.960530, 14.852220)",LINK_ID,Integer
EthioWoredasNew,EthioWoredasNew.shp,Polygon,532,"GEOGCRS[""WGS 84"",","(32.999230, 3.400880) - (47.960530, 14.852220)",Admin_Unit,String
EthioWoredasNew,EthioWoredasNew.shp,Polygon,532,"GEOGCRS[""WGS 84"",","(32.999230, 3.400880) - (47.960530, 14.852220)",W6ID,Real
EthioWoredasNew,EthioWoredasNew.shp,Polygon,532,"GEOGCRS[""WGS 84"",","(32.999230, 3.400880) - (47.960530, 14.852220)",MF_All_All,Real
EthioWoredasNew,EthioWoredasNew.shp,Polygon,532,"GEOGCRS[""WGS 84"",","(32.999230, 3.400880) - (47.960530, 14.852220)",M_All_All_,Real
EthioWoredasNew,EthioWoredasNew.shp,Polygon,532,"GEOGCRS[""WGS 84"",","(32.999230, 3.400880) - (47.960530, 14.852220)",F_All_All_,Real
EthioWoredasNew,EthioWoredasNew.shp,Polygon,532,"GEOGCRS[""WGS 84"",","(32.999230, 3.400880) - (47.960530, 14.852220)",MF_All_0_4,Real
EthioWoredasNew,EthioWoredasNew.shp,Polygon,532,"GEOGCRS[""WGS 84"",","(32.999230, 3.400880) - (47.960530, 14.852220)",M_All_0_4,Real
EthioWoredasNew,EthioWoredasNew.shp,Polygon,532,"GEOGCRS[""WGS 84"",","(32.999230, 3.400880) - (47.960530, 14.852220)",F_All_0_4,Real
EthioWoredasNew,EthioWoredasNew.shp,Polygon,532,"GEOGCRS[""WGS 84"",","(32.999230, 3.400880) - (47.960530, 14.852220)",MF_All_5_9,Real
EthioWoredasNew,EthioWoredasNew.shp,Polygon,532,"GEOGCRS[""WGS 84"",","(32.999230, 3.400880) - (47.960530, 14.852220)",M_All_5_9,Real
EthioWoredasNew,EthioWoredasNew.shp,Polygon,532,"GEOGCRS[""WGS 84"",","(32.999230, 3.400880) - (47.960530, 14.852220)",F_All_5_9,Real
EthioWoredasNew,EthioWoredasNew.shp,Polygon,532,"GEOGCRS[""WGS 84"",","(32.999230, 3.400880) - (47.960530, 14.852220)",MF_All_10_,Real
EthioWoredasNew,EthioWoredasNew.shp,Polygon,532,"GEOGCRS[""WGS 84"",","(32.999230, 3.400880) - (47.960530, 14.852220)",M_All_10_1,Real
EthioWoredasNew,EthioWoredasNew.shp,Polygon,532,"GEOGCRS[""WGS 84"",","(32.999230, 3.400880) - (47.960530, 14.852220)",F_All_10_1,Real
EthioWoredasNew,EthioWoredasNew.shp,Polygon,532,"GEOGCRS[""WGS 84"",","(32.999230, 3.400880) - (47.960530, 14.852220)",MF_All_15_,Real
EthioWoredasNew,EthioWoredasNew.shp,Polygon,532,"GEOGCRS[""WGS 84"",","(32.999230, 3.400880) - (47.960530, 14.852220)",M_All_15_1,Real
EthioWoredasNew,EthioWoredasNew.shp,Polygon,532,"GEOGCRS[""WGS 84"",","(32.999230, 3.400880) - (47.960530, 14.852220)",F_All_15_1,Real
EthioWoredasNew,EthioWoredasNew.shp,Polygon,532,"GEOGCRS[""WGS 84"",","(32.999230, 3.400880) - (47.960530, 14.852220)",MF_All_20_,Real
EthioWoredasNew,EthioWoredasNew.shp,Polygon,532,"GEOGCRS[""WGS 84"",","(32.999230, 3.400880) - (47.960530, 14.852220)",M_All_20_2,Real
EthioWoredasNew,EthioWoredasNew.shp,Polygon,532,"GEOGCRS[""WGS 84"",","(32.999230, 3.400880) - (47.960530, 14.852220)",F_All_20_2,Real
EthioWoredasNew,EthioWoredasNew.shp,Polygon,532,"GEOGCRS[""WGS 84"",","(32.999230, 3.400880) - (47.960530, 14.852220)",MF_All_25_,Real
EthioWoredasNew,EthioWoredasNew.shp,Polygon,532,"GEOGCRS[""WGS 84"",","(32.999230, 3.400880) - (47.960530, 14.852220)",M_All_25_2,Real
EthioWoredasNew,EthioWoredasNew.shp,Polygon,532,"GEOGCRS[""WGS 84"",","(32.999230, 3.400880) - (47.960530, 14.852220)",F_All_25_2,Real
EthioWoredasNew,EthioWoredasNew.shp,Polygon,532,"GEOGCRS[""WGS 84"",","(32.999230, 3.400880) - (47.960530, 14.852220)",MF_All_30_,Real
EthioWoredasNew,EthioWoredasNew.shp,Polygon,532,"GEOGCRS[""WGS 84"",","(32.999230, 3.400880) - (47.960530, 14.852220)",M_All_30_3,Real
EthioWoredasNew,EthioWoredasNew.shp,Polygon,532,"GEOGCRS[""WGS 84"",","(32.999230, 3.400880) - (47.960530, 14.852220)",F_All_30_3,Real
EthioWoredasNew,EthioWoredasNew.shp,Polygon,532,"GEOGCRS[""WGS 84"",","(32.999230, 3.400880) - (47.960530, 14.852220)",MF_All_35_,Real
EthioWoredasNew,EthioWoredasNew.shp,Polygon,532,"GEOGCRS[""WGS 84"",","(32.999230, 3.400880) - (47.960530, 14.852220)",M_All_35_3,Real
EthioWoredasNew,EthioWoredasNew.shp,Polygon,532,"GEOGCRS[""WGS 84"",","(32.999230, 3.400880) - (47.960530, 14.852220)",F_All_35_3,Real
EthioWoredasNew,EthioWoredasNew.shp,Polygon,532,"GEOGCRS[""WGS 84"",","(32.999230, 3.400880) - (47.960530, 14.852220)",MF_All_40_,Real
EthioWoredasNew,EthioWoredasNew.shp,Polygon,532,"GEOGCRS[""WGS 84"",","(32.999230, 3.400880) - (47.960530, 14.852220)",M_All_40_4,Real
EthioWoredasNew,EthioWoredasNew.shp,Polygon,532,"GEOGCRS[""WGS 84"",","(32.999230, 3.400880) - (47.960530, 14.852220)",F_All_40_4,Real
EthioWoredasNew,EthioWoredasNew.shp,Polygon,532,"GEOGCRS[""WGS 84"",","(32.999230, 3.400880) - (47.960530, 14.852220)",MF_All_45_,Real
EthioWoredasNew,EthioWoredasNew.shp,Polygon,532,"GEOGCRS[""WGS 84"",","(32.999230, 3.400880) - (47.960530, 14.852220)",M_All_45_4,Real
EthioWoredasNew,EthioWoredasNew.shp,Polygon,532,"GEOGCRS[""WGS 84"",","(32.999230, 3.400880) - (47.960530, 14.852220)",F_All_45_4,Real
EthioWoredasNew,EthioWoredasNew.shp,Polygon,532,"GEOGCRS[""WGS 84"",","(32.999230, 3.400880) - (47.960530, 14.852220)",MF_All_50_,Real
EthioWoredasNew,EthioWoredasNew.shp,Polygon,532,"GEOGCRS[""WGS 84"",","(32.999230, 3.400880) - (47.960530, 14.852220)",M_All_50_5,Real
EthioWoredasNew,EthioWoredasNew.shp,Polygon,532,"GEOGCRS[""WGS 84"",","(32.999230, 3.400880) - (47.960530, 14.852220)",F_All_50_5,Real
EthioWoredasNew,EthioWoredasNew.shp,Polygon,532,"GEOGCRS[""WGS 84"",","(32.999230, 3.400880) - (47.960530, 14.852220)",MF_All_55_,Real
EthioWoredasNew,EthioWoredasNew.shp,Polygon,532,"GEOGCRS[""WGS 84"",","(32.999230, 3.400880) - (47.960530, 14.852220)",M_All_55_5,Real
EthioWoredasNew,EthioWoredasNew.shp,Polygon,532,"GEOGCRS[""WGS 84"",","(32.999230, 3.400880) - (47.960530, 14.852220)",F_All_55_5,Real
EthioWoredasNew,EthioWoredasNew.shp,Polygon,532,"GEOGCRS[""WGS 84"",","(32.999230, 3.400880) - (47.960530, 14.852220)",MF_All_60_,Real
EthioWoredasNew,EthioWoredasNew.shp,Polygon,532,"GEOGCRS[""WGS 84"",","(32.999230, 3.400880) - (47.960530, 14.852220)",M_All_60_6,Real
EthioWoredasNew,EthioWoredasNew.shp,Polygon,532,"GEOGCRS[""WGS 84"",","(32.999230, 3.400880) - (47.960530, 14.852220)",F_All_60_6,Real
EthioWoredasNew,EthioWoredasNew.shp,Polygon,532,"GEOGCRS[""WGS 84"",","(32.999230, 3.400880) - (47.960530, 14.852220)",MF_All_65_,Real
EthioWoredasNew,EthioWoredasNew.shp,Polygon,532,"GEOGCRS[""WGS 84"",","(32.999230, 3.400880) - (47.960530, 14.852220)",M_All_65_6,Real
EthioWoredasNew,EthioWoredasNew.shp,Polygon,532,"GEOGCRS[""WGS 84"",","(32.999230, 3.400880) - (47.960530, 14.852220)",F_All_65_6,Real
EthioWoredasNew,EthioWoredasNew.shp,Polygon,532,"GEOGCRS[""WGS 84"",","(32.999230, 3.400880) - (47.960530, 14.852220)",MF_All_70_,Real
EthioWoredasNew,EthioWoredasNew.shp,Polygon,532,"GEOGCRS[""WGS 84"",","(32.999230, 3.400880) - (47.960530, 14.852220)",M_All_70_7,Real
EthioWoredasNew,EthioWoredasNew.shp,Polygon,532,"GEOGCRS[""WGS 84"",","(32.999230, 3.400880) - (47.960530, 14.852220)",F_All_70_7,Real
Ethio_roads,Ethio_roads.shp,Line,1786,"GEOGCRS[""WGS 84"",","(33.006302, 3.440106) - (47.949379, 14.809500)",FNODE_,Integer64
Ethio_roads,Ethio_roads.shp,Line,1786,"GEOGCRS[""WGS 84"",","(33.006302, 3.440106) - (47.949379, 14.809500)",TNODE_,Integer64
Ethio_roads,Ethio_roads.shp,Line,1786,"GEOGCRS[""WGS 84"",","(33.006302, 3.440106) - (47.949379, 14.809500)",LPOLY_,Integer64
Ethio_roads,Ethio_roads.shp,Line,1786,"GEOGCRS[""WGS 84"",","(33.006302, 3.440106) - (47.949379, 14.809500)",RPOLY_,Integer64
Ethio_roads,Ethio_roads.shp,Line,1786,"GEOGCRS[""WGS 84"",","(33.006302, 3.440106) - (47.949379, 14.809500)",LENGTH,Real
Ethio_roads,Ethio_roads.shp,Line,1786,"GEOGCRS[""WGS 84"",","(33.006302, 3.440106) - (47.949379, 14.809500)",RDLINE_,Integer64
Ethio_roads,Ethio_roads.shp,Line,1786,"GEOGCRS[""WGS 84"",","(33.006302, 3.440106) - (47.949379, 14.809500)",RDLINE_ID,Integer64
Ethio_roads,Ethio_roads.shp,Line,1786,"GEOGCRS[""WGS 84"",","(33.006302, 3.440106) - (47.949379, 14.809500)",RDLNTYPE,Integer
Ethio_roads,Ethio_roads.shp,Line,1786,"GEOGCRS[""WGS 84"",","(33.006302, 3.440106) - (47.949379, 14.809500)",RDLNTYPETX,String
Ethio_roads,Ethio_roads.shp,Line,1786,"GEOGCRS[""WGS 84"",","(33.006302, 3.440106) - (47.949379, 14.809500)",RDLNSTAT,Integer
Ethio_roads,Ethio_roads.shp,Line,1786,"GEOGCRS[""WGS 84"",","(33.006302, 3.440106) - (47.949379, 14.809500)",RDLNSTATTX,String
TigraiTabiasNew,TigraiTabiasNew.shp,Polygon,748,"PROJCRS[""WGS 84 / UTM zone 37N"",","(213444.750000, 1355035.750000) - (607154.812500, 1654728.875000)",AREA,Real
TigraiTabiasNew,TigraiTabiasNew.shp,Polygon,748,"PROJCRS[""WGS 84 / UTM zone 37N"",","(213444.750000, 1355035.750000) - (607154.812500, 1654728.875000)",PERIMETER,Real
TigraiTabiasNew,TigraiTabiasNew.shp,Polygon,748,"PROJCRS[""WGS 84 / UTM zone 37N"",","(213444.750000, 1355035.750000) - (607154.812500, 1654728.875000)",WEREDA,String
TigraiTabiasNew,TigraiTabiasNew.shp,Polygon,748,"PROJCRS[""WGS 84 / UTM zone 37N"",","(213444.750000, 1355035.750000) - (607154.812500, 1654728.875000)",TABIA,String
TigraiTabiasNew,TigraiTabiasNew.shp,Polygon,748,"PROJCRS[""WGS 84 / UTM zone 37N"",","(213444.750000, 1355035.750000) - (607154.812500, 1654728.875000)",T8ID,String
TigraiTabiasNew,TigraiTabiasNew.shp,Polygon,748,"PROJCRS[""WGS 84 / UTM zone 37N"",","(213444.750000, 1355035.750000) - (607154.812500, 1654728.875000)",SQ_KM,Real
TigraiTabiasNew,TigraiTabiasNew.shp,Polygon,748,"PROJCRS[""WGS 84 / UTM zone 37N"",","(213444.750000, 1355035.750000) - (607154.812500, 1654728.875000)",HECTARES,Real
TigraiTabiasNew,TigraiTabiasNew.shp,Polygon,748,"PROJCRS[""WGS 84 / UTM zone 37N"",","(213444.750000, 1355035.750000) - (607154.812500, 1654728.875000)",ZONES,String
TigraiTabiasNew,TigraiTabiasNew.shp,Polygon,748,"PROJCRS[""WGS 84 / UTM zone 37N"",","(213444.750000, 1355035.750000) - (607154.812500, 1654728.875000)",LENGTH,Real
TigraiTabiasNew,TigraiTabiasNew.shp,Polygon,748,"PROJCRS[""WGS 84 / UTM zone 37N"",","(213444.750000, 1355035.750000) - (607154.812500, 1654728.875000)",DENSITY,Real
TigrayContour,TigrayContour.shp,Line,805,"PROJCRS[""Adindan / UTM zone 37N"",","(227239.176557, 1355057.844373) - (595220.125000, 1645334.893633)",FNODE_,Integer64
TigrayContour,TigrayContour.shp,Line,805,"PROJCRS[""Adindan / UTM zone 37N"",","(227239.176557, 1355057.844373) - (595220.125000, 1645334.893633)",TNODE_,Integer64
TigrayContour,TigrayContour.shp,Line,805,"PROJCRS[""Adindan / UTM zone 37N"",","(227239.176557, 1355057.844373) - (595220.125000, 1645334.893633)",LPOLY_,Integer64
TigrayContour,TigrayContour.shp,Line,805,"PROJCRS[""Adindan / UTM zone 37N"",","(227239.176557, 1355057.844373) - (595220.125000, 1645334.893633)",RPOLY_,Integer64
TigrayContour,TigrayContour.shp,Line,805,"PROJCRS[""Adindan / UTM zone 37N"",","(227239.176557, 1355057.844373) - (595220.125000, 1645334.893633)",LENGTH,Real
TigrayContour,TigrayContour.shp,Line,805,"PROJCRS[""Adindan / UTM zone 37N"",","(227239.176557, 1355057.844373) - (595220.125000, 1645334.893633)",ETTOPOL01C,Integer64
TigrayContour,TigrayContour.shp,Line,805,"PROJCRS[""Adindan / UTM zone 37N"",","(227239.176557, 1355057.844373) - (595220.125000, 1645334.893633)",ETTOPOL0_1,Integer64
TigrayContour,TigrayContour.shp,Line,805,"PROJCRS[""Adindan / UTM zone 37N"",","(227239.176557, 1355057.844373) - (595220.125000, 1645334.893633)",ELEVATION,Integer64
TigrayHealth2006,TigrayHealth2006.shp,Point,729,(unknown),"(226852.000000, 138155.000000) - (999868.000000, 58324602265790775512818934328062380370204061125905757621900627630504127784873829166706231314797131290131351555290081397079016567616702065739258411806660475789030824119593008819537508515711602030597672321539487027096811201764043838550179840.000000)",Object_ID_,Integer
TigrayHealth2006,TigrayHealth2006.shp,Point,729,(unknown),"(226852.000000, 138155.000000) - (999868.000000, 58324602265790775512818934328062380370204061125905757621900627630504127784873829166706231314797131290131351555290081397079016567616702065739258411806660475789030824119593008819537508515711602030597672321539487027096811201764043838550179840.000000)",geodb_oid,Integer
TigrayHealth2006,TigrayHealth2006.shp,Point,729,(unknown),"(226852.000000, 138155.000000) - (999868.000000, 58324602265790775512818934328062380370204061125905757621900627630504127784873829166706231314797131290131351555290081397079016567616702065739258411806660475789030824119593008819537508515711602030597672321539487027096811201764043838550179840.000000)",Object_ID,Real
TigrayHealth2006,TigrayHealth2006.shp,Point,729,(unknown),"(226852.000000, 138155.000000) - (999868.000000, 58324602265790775512818934328062380370204061125905757621900627630504127784873829166706231314797131290131351555290081397079016567616702065739258411806660475789030824119593008819537508515711602030597672321539487027096811201764043838550179840.000000)",Woreda_Nam,String
TigrayHealth2006,TigrayHealth2006.shp,Point,729,(unknown),"(226852.000000, 138155.000000) - (999868.000000, 58324602265790775512818934328062380370204061125905757621900627630504127784873829166706231314797131290131351555290081397079016567616702065739258411806660475789030824119593008819537508515711602030597672321539487027096811201764043838550179840.000000)",Woreda_ID,String
TigrayHealth2006,TigrayHealth2006.shp,Point,729,(unknown),"(226852.000000, 138155.000000) - (999868.000000, 58324602265790775512818934328062380370204061125905757621900627630504127784873829166706231314797131290131351555290081397079016567616702065739258411806660475789030824119593008819537508515711602030597672321539487027096811201764043838550179840.000000)",Type_of_in,String
TigrayHealth2006,TigrayHealth2006.shp,Point,729,(unknown),"(226852.000000, 138155.000000) - (999868.000000, 58324602265790775512818934328062380370204061125905757621900627630504127784873829166706231314797131290131351555290081397079016567616702065739258411806660475789030824119593008819537508515711602030597672321539487027096811201764043838550179840.000000)",Institutio,String
TigrayHealth2006,TigrayHealth2006.shp,Point,729,(unknown),"(226852.000000, 138155.000000) - (999868.000000, 58324602265790775512818934328062380370204061125905757621900627630504127784873829166706231314797131290131351555290081397079016567616702065739258411806660475789030824119593008819537508515711602030597672321539487027096811201764043838550179840.000000)",X_Coordina,Real
TigrayHealth2006,TigrayHealth2006.shp,Point,729,(unknown),"(226852.000000, 138155.000000) - (999868.000000, 58324602265790775512818934328062380370204061125905757621900627630504127784873829166706231314797131290131351555290081397079016567616702065739258411806660475789030824119593008819537508515711602030597672321539487027096811201764043838550179840.000000)",Y_Coordina,Real
TigrayNewWoredas,TigrayNewWoredas.shp,Polygon,48,"PROJCRS[""WGS 84 / UTM zone 37N"",","(213444.750000, 1355035.750000) - (607154.812500, 1654728.875000)",WEREDA,String
TigrayNewWoredas,TigrayNewWoredas.shp,Polygon,48,"PROJCRS[""WGS 84 / UTM zone 37N"",","(213444.750000, 1355035.750000) - (607154.812500, 1654728.875000)",COUNT,Integer64
TigrayNewWoredas,TigrayNewWoredas.shp,Polygon,48,"PROJCRS[""WGS 84 / UTM zone 37N"",","(213444.750000, 1355035.750000) - (607154.812500, 1654728.875000)",SUM_AREA,Real
TigrayNewWoredas,TigrayNewWoredas.shp,Polygon,48,"PROJCRS[""WGS 84 / UTM zone 37N"",","(213444.750000, 1355035.750000) - (607154.812500, 1654728.875000)",SUM_PERIME,Real
TigrayNewWoredas,TigrayNewWoredas.shp,Polygon,48,"PROJCRS[""WGS 84 / UTM zone 37N"",","(213444.750000, 1355035.750000) - (607154.812500, 1654728.875000)",SUM_SQ_KM,Real
TigrayNewWoredas,TigrayNewWoredas.shp,Polygon,48,"PROJCRS[""WGS 84 / UTM zone 37N"",","(213444.750000, 1355035.750000) - (607154.812500, 1654728.875000)",SUM_HECTAR,Real
TigrayNewWoredas,TigrayNewWoredas.shp,Polygon,48,"PROJCRS[""WGS 84 / UTM zone 37N"",","(213444.750000, 1355035.750000) - (607154.812500, 1654728.875000)",ZONE_NAME,String
TigrayNewWoredas,TigrayNewWoredas.shp,Polygon,48,"PROJCRS[""WGS 84 / UTM zone 37N"",","(213444.750000, 1355035.750000) - (607154.812500, 1654728.875000)",Wereda__Id,String
TigrayNewWoredas,TigrayNewWoredas.shp,Polygon,48,"PROJCRS[""WGS 84 / UTM zone 37N"",","(213444.750000, 1355035.750000) - (607154.812500, 1654728.875000)",Tot_Popula,Integer64
TigrayNewWoredas,TigrayNewWoredas.shp,Polygon,48,"PROJCRS[""WGS 84 / UTM zone 37N"",","(213444.750000, 1355035.750000) - (607154.812500, 1654728.875000)",wor_name,String
TigrayNewWoredas,TigrayNewWoredas.shp,Polygon,48,"PROJCRS[""WGS 84 / UTM zone 37N"",","(213444.750000, 1355035.750000) - (607154.812500, 1654728.875000)",LINK_ID,Integer
TigrayNewWoredas,TigrayNewWoredas.shp,Polygon,48,"PROJCRS[""WGS 84 / UTM zone 37N"",","(213444.750000, 1355035.750000) - (607154.812500, 1654728.875000)",TRHB_2004E,Real
TigrayNewWoredas,TigrayNewWoredas.shp,Polygon,48,"PROJCRS[""WGS 84 / UTM zone 37N"",","(213444.750000, 1355035.750000) - (607154.812500, 1654728.875000)",TRHB_200_1,Real
TigrayNewWoredas,TigrayNewWoredas.shp,Polygon,48,"PROJCRS[""WGS 84 / UTM zone 37N"",","(213444.750000, 1355035.750000) - (607154.812500, 1654728.875000)",TRHB_200_2,Real
TigrayNewWoredas,TigrayNewWoredas.shp,Polygon,48,"PROJCRS[""WGS 84 / UTM zone 37N"",","(213444.750000, 1355035.750000) - (607154.812500, 1654728.875000)",TRHB_200_3,Real
TigrayNewWoredas,TigrayNewWoredas.shp,Polygon,48,"PROJCRS[""WGS 84 / UTM zone 37N"",","(213444.750000, 1355035.750000) - (607154.812500, 1654728.875000)",TRHB_200_4,Real
TigrayNewWoredas,TigrayNewWoredas.shp,Polygon,48,"PROJCRS[""WGS 84 / UTM zone 37N"",","(213444.750000, 1355035.750000) - (607154.812500, 1654728.875000)",TRHB_200_5,Real
TigrayNewWoredas,TigrayNewWoredas.shp,Polygon,48,"PROJCRS[""WGS 84 / UTM zone 37N"",","(213444.750000, 1355035.750000) - (607154.812500, 1654728.875000)",TRHB_200_6,Real
TigrayNewWoredas,TigrayNewWoredas.shp,Polygon,48,"PROJCRS[""WGS 84 / UTM zone 37N"",","(213444.750000, 1355035.750000) - (607154.812500, 1654728.875000)",TRHB_200_7,Real
TigrayNewWoredas,TigrayNewWoredas.shp,Polygon,48,"PROJCRS[""WGS 84 / UTM zone 37N"",","(213444.750000, 1355035.750000) - (607154.812500, 1654728.875000)",TRHB_200_8,Real
TigrayRoads2006t,TigrayRoads2006t.shp,Line,547,"PROJCRS[""WGS 84 / UTM zone 37N"",","(216990.679530, 1357238.876820) - (590408.126889, 1628485.453266)",OBJECTID,Integer
TigrayRoads2006t,TigrayRoads2006t.shp,Line,547,"PROJCRS[""WGS 84 / UTM zone 37N"",","(216990.679530, 1357238.876820) - (590408.126889, 1628485.453266)",OBJECTID_1,Integer
TigrayRoads2006t,TigrayRoads2006t.shp,Line,547,"PROJCRS[""WGS 84 / UTM zone 37N"",","(216990.679530, 1357238.876820) - (590408.126889, 1628485.453266)",LAYER,String
TigrayRoads2006t,TigrayRoads2006t.shp,Line,547,"PROJCRS[""WGS 84 / UTM zone 37N"",","(216990.679530, 1357238.876820) - (590408.126889, 1628485.453266)",NAME,String
TigrayRoads2006t,TigrayRoads2006t.shp,Line,547,"PROJCRS[""WGS 84 / UTM zone 37N"",","(216990.679530, 1357238.876820) - (590408.126889, 1628485.453266)",LENGTH,String
TigrayRoads2006t,TigrayRoads2006t.shp,Line,547,"PROJCRS[""WGS 84 / UTM zone 37N"",","(216990.679530, 1357238.876820) - (590408.126889, 1628485.453266)",OWNER,String
TigrayRoads2006t,TigrayRoads2006t.shp,Line,547,"PROJCRS[""WGS 84 / UTM zone 37N"",","(216990.679530, 1357238.876820) - (590408.126889, 1628485.453266)",ZONE_,String
TigrayRoads2006t,TigrayRoads2006t.shp,Line,547,"PROJCRS[""WGS 84 / UTM zone 37N"",","(216990.679530, 1357238.876820) - (590408.126889, 1628485.453266)",RDID,String
TigrayRoads2006t,TigrayRoads2006t.shp,Line,547,"PROJCRS[""WGS 84 / UTM zone 37N"",","(216990.679530, 1357238.876820) - (590408.126889, 1628485.453266)",SHAPE_LENG,Real
TigrayRoads2006t,TigrayRoads2006t.shp,Line,547,"PROJCRS[""WGS 84 / UTM zone 37N"",","(216990.679530, 1357238.876820) - (590408.126889, 1628485.453266)",Shape_Le_1,Real
TigrayRoads2006t,TigrayRoads2006t.shp,Line,547,"PROJCRS[""WGS 84 / UTM zone 37N"",","(216990.679530, 1357238.876820) - (590408.126889, 1628485.453266)",length_KM,Real
TigrayRoadsIn2006,TigrayRoadsIn2006.shp,Line,97,(unknown),"(216984.791281, 1357397.999842) - (594406.833049, 1628341.000158)",OBJECTID,Integer
TigrayRoadsIn2006,TigrayRoadsIn2006.shp,Line,97,(unknown),"(216984.791281, 1357397.999842) - (594406.833049, 1628341.000158)",OBJECTID_1,Integer
TigrayRoadsIn2006,TigrayRoadsIn2006.shp,Line,97,(unknown),"(216984.791281, 1357397.999842) - (594406.833049, 1628341.000158)",LAYER,String
TigrayRoadsIn2006,TigrayRoadsIn2006.shp,Line,97,(unknown),"(216984.791281, 1357397.999842) - (594406.833049, 1628341.000158)",NAME,String
TigrayRoadsIn2006,TigrayRoadsIn2006.shp,Line,97,(unknown),"(216984.791281, 1357397.999842) - (594406.833049, 1628341.000158)",LENGTH,String
TigrayRoadsIn2006,TigrayRoadsIn2006.shp,Line,97,(unknown),"(216984.791281, 1357397.999842) - (594406.833049, 1628341.000158)",OWNER,String
TigrayRoadsIn2006,TigrayRoadsIn2006.shp,Line,97,(unknown),"(216984.791281, 1357397.999842) - (594406.833049, 1628341.000158)",ZONE_,String
TigrayRoadsIn2006,TigrayRoadsIn2006.shp,Line,97,(unknown),"(216984.791281, 1357397.999842) - (594406.833049, 1628341.000158)",RDID,String
TigrayRoadsIn2006,TigrayRoadsIn2006.shp,Line,97,(unknown),"(216984.791281, 1357397.999842) - (594406.833049, 1628341.000158)",SHAPE_LENG,Real
TigrayRoadsIn2006,TigrayRoadsIn2006.shp,Line,97,(unknown),"(216984.791281, 1357397.999842) - (594406.833049, 1628341.000158)",SHAPE_LE_1,Real
TigrayRoadsIn2006,TigrayRoadsIn2006.shp,Line,97,(unknown),"(216984.791281, 1357397.999842) - (594406.833049, 1628341.000158)",LENGTH_KM,Real
TigrayRoadsIn2006,TigrayRoadsIn2006.shp,Line,97,(unknown),"(216984.791281, 1357397.999842) - (594406.833049, 1628341.000158)",TYPE,String
TigrayRoadsIn2006,TigrayRoadsIn2006.shp,Line,97,(unknown),"(216984.791281, 1357397.999842) - (594406.833049, 1628341.000158)",NEAR_FID,Integer
TigrayRoadsIn2006,TigrayRoadsIn2006.shp,Line,97,(unknown),"(216984.791281, 1357397.999842) - (594406.833049, 1628341.000158)",NEAR_DIST,Real
TigraySchools2006,TigraySchools2006.shp,Point,2121,"PROJCRS[""WGS 84 / UTM zone 37N"",","(226914.000000, 1356739.000000) - (594252.000000, 1627780.000000)",No,Real
TigraySchools2006,TigraySchools2006.shp,Point,2121,"PROJCRS[""WGS 84 / UTM zone 37N"",","(226914.000000, 1356739.000000) - (594252.000000, 1627780.000000)",Zone_Name,String
TigraySchools2006,TigraySchools2006.shp,Point,2121,"PROJCRS[""WGS 84 / UTM zone 37N"",","(226914.000000, 1356739.000000) - (594252.000000, 1627780.000000)",Woreda_Nam,String
TigraySchools2006,TigraySchools2006.shp,Point,2121,"PROJCRS[""WGS 84 / UTM zone 37N"",","(226914.000000, 1356739.000000) - (594252.000000, 1627780.000000)",Woreda_ID,Real
TigraySchools2006,TigraySchools2006.shp,Point,2121,"PROJCRS[""WGS 84 / UTM zone 37N"",","(226914.000000, 1356739.000000) - (594252.000000, 1627780.000000)",T_Name,String
TigraySchools2006,TigraySchools2006.shp,Point,2121,"PROJCRS[""WGS 84 / UTM zone 37N"",","(226914.000000, 1356739.000000) - (594252.000000, 1627780.000000)",Name,String
TigraySchools2006,TigraySchools2006.shp,Point,2121,"PROJCRS[""WGS 84 / UTM zone 37N"",","(226914.000000, 1356739.000000) - (594252.000000, 1627780.000000)",Type,String
TigraySchools2006,TigraySchools2006.shp,Point,2121,"PROJCRS[""WGS 84 / UTM zone 37N"",","(226914.000000, 1356739.000000) - (594252.000000, 1627780.000000)",X,Real
TigraySchools2006,TigraySchools2006.shp,Point,2121,"PROJCRS[""WGS 84 / UTM zone 37N"",","(226914.000000, 1356739.000000) - (594252.000000, 1627780.000000)",Y,Real
TigraySchools2006,TigraySchools2006.shp,Point,2121,"PROJCRS[""WGS 84 / UTM zone 37N"",","(226914.000000, 1356739.000000) - (594252.000000, 1627780.000000)",F10,String
TigraySchools2006,TigraySchools2006.shp,Point,2121,"PROJCRS[""WGS 84 / UTM zone 37N"",","(226914.000000, 1356739.000000) - (594252.000000, 1627780.000000)",F11,String
TigraySchools2006,TigraySchools2006.shp,Point,2121,"PROJCRS[""WGS 84 / UTM zone 37N"",","(226914.000000, 1356739.000000) - (594252.000000, 1627780.000000)",F12,String
TigraySchools2006,TigraySchools2006.shp,Point,2121,"PROJCRS[""WGS 84 / UTM zone 37N"",","(226914.000000, 1356739.000000) - (594252.000000, 1627780.000000)",F13,String
TigraySchools2006,TigraySchools2006.shp,Point,2121,"PROJCRS[""WGS 84 / UTM zone 37N"",","(226914.000000, 1356739.000000) - (594252.000000, 1627780.000000)",F14,String
TigraySchools2006,TigraySchools2006.shp,Point,2121,"PROJCRS[""WGS 84 / UTM zone 37N"",","(226914.000000, 1356739.000000) - (594252.000000, 1627780.000000)",F15,String
TigraySchools2006,TigraySchools2006.shp,Point,2121,"PROJCRS[""WGS 84 / UTM zone 37N"",","(226914.000000, 1356739.000000) - (594252.000000, 1627780.000000)",F16,String
TigrayWoredaNew,TigrayWoredaNew.shp,Polygon,47,"PROJCRS[""WGS 84 / UTM zone 37N"",","(213444.750000, 1355035.750000) - (607154.812500, 1654728.875000)",WEREDA,String
TigrayWoredaNew,TigrayWoredaNew.shp,Polygon,47,"PROJCRS[""WGS 84 / UTM zone 37N"",","(213444.750000, 1355035.750000) - (607154.812500, 1654728.875000)",COUNT,Integer64
TigrayWoredaNew,TigrayWoredaNew.shp,Polygon,47,"PROJCRS[""WGS 84 / UTM zone 37N"",","(213444.750000, 1355035.750000) - (607154.812500, 1654728.875000)",SUM_AREA,Real
TigrayWoredaNew,TigrayWoredaNew.shp,Polygon,47,"PROJCRS[""WGS 84 / UTM zone 37N"",","(213444.750000, 1355035.750000) - (607154.812500, 1654728.875000)",SUM_PERIME,Real
TigrayWoredaNew,TigrayWoredaNew.shp,Polygon,47,"PROJCRS[""WGS 84 / UTM zone 37N"",","(213444.750000, 1355035.750000) - (607154.812500, 1654728.875000)",SUM_SQ_KM,Real
TigrayWoredaNew,TigrayWoredaNew.shp,Polygon,47,"PROJCRS[""WGS 84 / UTM zone 37N"",","(213444.750000, 1355035.750000) - (607154.812500, 1654728.875000)",SUM_HECTAR,Real
TigrayWoredaNew,TigrayWoredaNew.shp,Polygon,47,"PROJCRS[""WGS 84 / UTM zone 37N"",","(213444.750000, 1355035.750000) - (607154.812500, 1654728.875000)",ZONE_NAME,String
TigrayWoredaNew,TigrayWoredaNew.shp,Polygon,47,"PROJCRS[""WGS 84 / UTM zone 37N"",","(213444.750000, 1355035.750000) - (607154.812500, 1654728.875000)",Wereda__Id,String
TigrayWoredaNew,TigrayWoredaNew.shp,Polygon,47,"PROJCRS[""WGS 84 / UTM zone 37N"",","(213444.750000, 1355035.750000) - (607154.812500, 1654728.875000)",Tot_Popula,Integer64
TigrayWoredaNew,TigrayWoredaNew.shp,Polygon,47,"PROJCRS[""WGS 84 / UTM zone 37N"",","(213444.750000, 1355035.750000) - (607154.812500, 1654728.875000)",wor_name,String
Tigray_Towns,Tigray_Towns.shp,Point,47,"PROJCRS[""Adindan / UTM zone 37N"",","(240696.875000, 1358289.250000) - (583338.937500, 1606416.875000)",ETTOWN01CO,Integer64
Tigray_Towns,Tigray_Towns.shp,Point,47,"PROJCRS[""Adindan / UTM zone 37N"",","(240696.875000, 1358289.250000) - (583338.937500, 1606416.875000)",ETTOWN01_1,Integer64
Tigray_Towns,Tigray_Towns.shp,Point,47,"PROJCRS[""Adindan / UTM zone 37N"",","(240696.875000, 1358289.250000) - (583338.937500, 1606416.875000)",TOWN_NAME,String
Tigray_Towns,Tigray_Towns.shp,Point,47,"PROJCRS[""Adindan / UTM zone 37N"",","(240696.875000, 1358289.250000) - (583338.937500, 1606416.875000)",POP,Integer
Tigray_Towns,Tigray_Towns.shp,Point,47,"PROJCRS[""Adindan / UTM zone 37N"",","(240696.875000, 1358289.250000) - (583338.937500, 1606416.875000)",WEREDA,String
Tigray_Towns,Tigray_Towns.shp,Point,47,"PROJCRS[""Adindan / UTM zone 37N"",","(240696.875000, 1358289.250000) - (583338.937500, 1606416.875000)",REGION,String
Tigray_Towns,Tigray_Towns.shp,Point,47,"PROJCRS[""Adindan / UTM zone 37N"",","(240696.875000, 1358289.250000) - (583338.937500, 1606416.875000)",ZONES,String
Tigray_Towns,Tigray_Towns.shp,Point,47,"PROJCRS[""Adindan / UTM zone 37N"",","(240696.875000, 1358289.250000) - (583338.937500, 1606416.875000)",POPURB,Real
Tigray_Towns,Tigray_Towns.shp,Point,47,"PROJCRS[""Adindan / UTM zone 37N"",","(240696.875000, 1358289.250000) - (583338.937500, 1606416.875000)",POPRUR,Real
Tigray_Towns,Tigray_Towns.shp,Point,47,"PROJCRS[""Adindan / UTM zone 37N"",","(240696.875000, 1358289.250000) - (583338.937500, 1606416.875000)",POPTOT,Real
Tigray_Towns,Tigray_Towns.shp,Point,47,"PROJCRS[""Adindan / UTM zone 37N"",","(240696.875000, 1358289.250000) - (583338.937500, 1606416.875000)",RAIN,Real
Tigray_Towns,Tigray_Towns.shp,Point,47,"PROJCRS[""Adindan / UTM zone 37N"",","(240696.875000, 1358289.250000) - (583338.937500, 1606416.875000)",K_VALUE,Real
Tigray_Towns,Tigray_Towns.shp,Point,47,"PROJCRS[""Adindan / UTM zone 37N"",","(240696.875000, 1358289.250000) - (583338.937500, 1606416.875000)",SOIL,Real
Tigray_Towns,Tigray_Towns.shp,Point,47,"PROJCRS[""Adindan / UTM zone 37N"",","(240696.875000, 1358289.250000) - (583338.937500, 1606416.875000)",EROSIVITY,Real
Tigray_Towns,Tigray_Towns.shp,Point,47,"PROJCRS[""Adindan / UTM zone 37N"",","(240696.875000, 1358289.250000) - (583338.937500, 1606416.875000)",ELEVATION,Real
Tigray_Towns,Tigray_Towns.shp,Point,47,"PROJCRS[""Adindan / UTM zone 37N"",","(240696.875000, 1358289.250000) - (583338.937500, 1606416.875000)",POP_TXT,String
Tigray_Towns,Tigray_Towns.shp,Point,47,"PROJCRS[""Adindan / UTM zone 37N"",","(240696.875000, 1358289.250000) - (583338.937500, 1606416.875000)",RAIN_TXT,String
Tigray_Towns,Tigray_Towns.shp,Point,47,"PROJCRS[""Adindan / UTM zone 37N"",","(240696.875000, 1358289.250000) - (583338.937500, 1606416.875000)",ELEV_TXT,String
admin,admin.shp,Polygon,699,"PROJCRS[""Adindan / UTM zone 37N"",","(-163699.776769, 376528.626524) - (1494578.021537, 1645738.557697)",AREA,Real
admin,admin.shp,Polygon,699,"PROJCRS[""Adindan / UTM zone 37N"",","(-163699.776769, 376528.626524) - (1494578.021537, 1645738.557697)",PERIMETER,Real
admin,admin.shp,Polygon,699,"PROJCRS[""Adindan / UTM zone 37N"",","(-163699.776769, 376528.626524) - (1494578.021537, 1645738.557697)",ETH2BDY_,Integer64
admin,admin.shp,Polygon,699,"PROJCRS[""Adindan / UTM zone 37N"",","(-163699.776769, 376528.626524) - (1494578.021537, 1645738.557697)",ETH2BDY_ID,Integer64
admin,admin.shp,Polygon,699,"PROJCRS[""Adindan / UTM zone 37N"",","(-163699.776769, 376528.626524) - (1494578.021537, 1645738.557697)",SQKM,Real
admin,admin.shp,Polygon,699,"PROJCRS[""Adindan / UTM zone 37N"",","(-163699.776769, 376528.626524) - (1494578.021537, 1645738.557697)",ADMSQKM,Real
admin,admin.shp,Polygon,699,"PROJCRS[""Adindan / UTM zone 37N"",","(-163699.776769, 376528.626524) - (1494578.021537, 1645738.557697)",CODE,String
admin,admin.shp,Polygon,699,"PROJCRS[""Adindan / UTM zone 37N"",","(-163699.776769, 376528.626524) - (1494578.021537, 1645738.557697)",ADMINID,Integer64
admin,admin.shp,Polygon,699,"PROJCRS[""Adindan / UTM zone 37N"",","(-163699.776769, 376528.626524) - (1494578.021537, 1645738.557697)",COUNTRY,String
admin,admin.shp,Polygon,699,"PROJCRS[""Adindan / UTM zone 37N"",","(-163699.776769, 376528.626524) - (1494578.021537, 1645738.557697)",NAME1,String
admin,admin.shp,Polygon,699,"PROJCRS[""Adindan / UTM zone 37N"",","(-163699.776769, 376528.626524) - (1494578.021537, 1645738.557697)",NAME2,String
admin,admin.shp,Polygon,699,"PROJCRS[""Adindan / UTM zone 37N"",","(-163699.776769, 376528.626524) - (1494578.021537, 1645738.557697)",NAME3,String
admin,admin.shp,Polygon,699,"PROJCRS[""Adindan / UTM zone 37N"",","(-163699.776769, 376528.626524) - (1494578.021537, 1645738.557697)",DEMOFLAG,Integer
admin,admin.shp,Polygon,699,"PROJCRS[""Adindan / UTM zone 37N"",","(-163699.776769, 376528.626524) - (1494578.021537, 1645738.557697)",P60,Integer64
admin,admin.shp,Polygon,699,"PROJCRS[""Adindan / UTM zone 37N"",","(-163699.776769, 376528.626524) - (1494578.021537, 1645738.557697)",P70,Integer64
admin,admin.shp,Polygon,699,"PROJCRS[""Adindan / UTM zone 37N"",","(-163699.776769, 376528.626524) - (1494578.021537, 1645738.557697)",P80,Integer64
admin,admin.shp,Polygon,699,"PROJCRS[""Adindan / UTM zone 37N"",","(-163699.776769, 376528.626524) - (1494578.021537, 1645738.557697)",P90,Integer64
admin,admin.shp,Polygon,699,"PROJCRS[""Adindan / UTM zone 37N"",","(-163699.776769, 376528.626524) - (1494578.021537, 1645738.557697)",SR,Real
admin,admin.shp,Polygon,699,"PROJCRS[""Adindan / UTM zone 37N"",","(-163699.776769, 376528.626524) - (1494578.021537, 1645738.557697)",HECTARES,Real
basins,basins.shp,Polygon,658,"PROJCRS[""Adindan / UTM zone 37N"",","(-161882.562500, 376388.125000) - (1495282.875000, 1645935.625000)",AREA,Real
basins,basins.shp,Polygon,658,"PROJCRS[""Adindan / UTM zone 37N"",","(-161882.562500, 376388.125000) - (1495282.875000, 1645935.625000)",PERIMETER,Real
basins,basins.shp,Polygon,658,"PROJCRS[""Adindan / UTM zone 37N"",","(-161882.562500, 376388.125000) - (1495282.875000, 1645935.625000)",ETWSHED01C,Integer64
basins,basins.shp,Polygon,658,"PROJCRS[""Adindan / UTM zone 37N"",","(-161882.562500, 376388.125000) - (1495282.875000, 1645935.625000)",ETWSHED01C,Integer64
basins,basins.shp,Polygon,658,"PROJCRS[""Adindan / UTM zone 37N"",","(-161882.562500, 376388.125000) - (1495282.875000, 1645935.625000)",BASIN_NR,Integer
basins,basins.shp,Polygon,658,"PROJCRS[""Adindan / UTM zone 37N"",","(-161882.562500, 376388.125000) - (1495282.875000, 1645935.625000)",BASIN_NAME,String
basins,basins.shp,Polygon,658,"PROJCRS[""Adindan / UTM zone 37N"",","(-161882.562500, 376388.125000) - (1495282.875000, 1645935.625000)",BASIN,Integer
basins,basins.shp,Polygon,658,"PROJCRS[""Adindan / UTM zone 37N"",","(-161882.562500, 376388.125000) - (1495282.875000, 1645935.625000)",SQKM,Integer
basins,basins.shp,Polygon,658,"PROJCRS[""Adindan / UTM zone 37N"",","(-161882.562500, 376388.125000) - (1495282.875000, 1645935.625000)",BASIN_COD,String
bound01,bound01.shp,Polygon,1,"PROJCRS[""Adindan / UTM zone 37N"",","(-161882.562500, 376388.125000) - (1495282.875000, 1645935.625000)",AREA,Real
bound01,bound01.shp,Polygon,1,"PROJCRS[""Adindan / UTM zone 37N"",","(-161882.562500, 376388.125000) - (1495282.875000, 1645935.625000)",PERIMETER,Real
bound01,bound01.shp,Polygon,1,"PROJCRS[""Adindan / UTM zone 37N"",","(-161882.562500, 376388.125000) - (1495282.875000, 1645935.625000)",ETBOUND01C,Integer64
bound01,bound01.shp,Polygon,1,"PROJCRS[""Adindan / UTM zone 37N"",","(-161882.562500, 376388.125000) - (1495282.875000, 1645935.625000)",ETBOUND01C,Integer64
bound02,bound02.shp,Polygon,12,"PROJCRS[""Adindan / UTM zone 37N"",","(-161882.562500, 376388.125000) - (1495282.875000, 1645935.625000)",AREA,Real
bound02,bound02.shp,Polygon,12,"PROJCRS[""Adindan / UTM zone 37N"",","(-161882.562500, 376388.125000) - (1495282.875000, 1645935.625000)",PERIMETER,Real
bound02,bound02.shp,Polygon,12,"PROJCRS[""Adindan / UTM zone 37N"",","(-161882.562500, 376388.125000) - (1495282.875000, 1645935.625000)",ETREGIO01C,Integer64
bound02,bound02.shp,Polygon,12,"PROJCRS[""Adindan / UTM zone 37N"",","(-161882.562500, 376388.125000) - (1495282.875000, 1645935.625000)",ETREGIO0_1,Integer64
bound02,bound02.shp,Polygon,12,"PROJCRS[""Adindan / UTM zone 37N"",","(-161882.562500, 376388.125000) - (1495282.875000, 1645935.625000)",REGION,String
bound03,bound03.shp,Polygon,76,"PROJCRS[""Adindan / UTM zone 37N"",","(-161882.562500, 376388.125000) - (1495282.875000, 1645935.625000)",AREA,Real
bound03,bound03.shp,Polygon,76,"PROJCRS[""Adindan / UTM zone 37N"",","(-161882.562500, 376388.125000) - (1495282.875000, 1645935.625000)",PERIMETER,Real
bound03,bound03.shp,Polygon,76,"PROJCRS[""Adindan / UTM zone 37N"",","(-161882.562500, 376388.125000) - (1495282.875000, 1645935.625000)",ETZONES01C,Integer64
bound03,bound03.shp,Polygon,76,"PROJCRS[""Adindan / UTM zone 37N"",","(-161882.562500, 376388.125000) - (1495282.875000, 1645935.625000)",ETZONES01C,Integer64
bound03,bound03.shp,Polygon,76,"PROJCRS[""Adindan / UTM zone 37N"",","(-161882.562500, 376388.125000) - (1495282.875000, 1645935.625000)",ZONES,String
contour,contour.shp,Line,9125,"PROJCRS[""Adindan / UTM zone 37N"",","(-38587.152344, 380749.406250) - (1472705.875000, 1645334.893633)",FNODE_,Integer64
contour,contour.shp,Line,9125,"PROJCRS[""Adindan / UTM zone 37N"",","(-38587.152344, 380749.406250) - (1472705.875000, 1645334.893633)",TNODE_,Integer64
contour,contour.shp,Line,9125,"PROJCRS[""Adindan / UTM zone 37N"",","(-38587.152344, 380749.406250) - (1472705.875000, 1645334.893633)",LPOLY_,Integer64
contour,contour.shp,Line,9125,"PROJCRS[""Adindan / UTM zone 37N"",","(-38587.152344, 380749.406250) - (1472705.875000, 1645334.893633)",RPOLY_,Integer64
contour,contour.shp,Line,9125,"PROJCRS[""Adindan / UTM zone 37N"",","(-38587.152344, 380749.406250) - (1472705.875000, 1645334.893633)",LENGTH,Real
contour,contour.shp,Line,9125,"PROJCRS[""Adindan / UTM zone 37N"",","(-38587.152344, 380749.406250) - (1472705.875000, 1645334.893633)",ETTOPOL01C,Integer64
contour,contour.shp,Line,9125,"PROJCRS[""Adindan / UTM zone 37N"",","(-38587.152344, 380749.406250) - (1472705.875000, 1645334.893633)",ETTOPOL01C,Integer64
contour,contour.shp,Line,9125,"PROJCRS[""Adindan / UTM zone 37N"",","(-38587.152344, 380749.406250) - (1472705.875000, 1645334.893633)",ELEVATION,Integer64
